run_id,reset_mode,soft_reset_coeff,leakage,current_speed,force_magnitude,direction_deg,cte_rmse,cte_p95,score,fail_reason,steps,finished,alpha,sigma
0,hard_reset,0.0,0.0,0.1,5.0,0,0.9085704107384904,2.048624001118237,0.35855065235886197,,52940,True,0.0,0.0
1,hard_reset,0.0,0.0,0.1,5.0,30,0.8988928543380194,1.6792904231999917,0.45237375285740566,,53180,True,0.0,0.0
2,hard_reset,0.0,0.0,0.1,5.0,90,0.9096398213099091,1.4915438520377142,0.06102283223002865,,52880,True,0.0,0.0
3,hard_reset,0.0,0.0,0.1,5.0,150,0.8909382183171259,1.6992827457625244,0.3476014206267553,,53100,True,0.0,0.0
4,hard_reset,0.0,0.0,0.1,5.0,180,0.9130217210815113,2.0826749453522693,0.4311241702046925,,52840,True,0.0,0.0
5,hard_reset,0.0,0.0,0.1,5.0,270,0.8789928119903451,2.3428646376417435,0.01192015611594116,,53160,True,0.0,0.0
6,hard_reset,0.0,0.0,0.2,10.0,0,1.1416714257487357,2.251022317810727,0.451243278657138,,54260,True,0.0,0.0
7,hard_reset,0.0,0.0,0.2,10.0,30,1.079226689777466,1.9257217504327384,0.5449895695806733,,51480,True,0.0,0.0
8,hard_reset,0.0,0.0,0.2,10.0,90,1.2233714918706893,1.8606357164463647,0.0,,48840,True,0.0,0.0
9,hard_reset,0.0,0.0,0.2,10.0,150,1.0406478221333433,1.8900495777432775,0.4752411706271028,,51420,True,0.0,0.0
10,hard_reset,0.0,0.0,0.2,10.0,180,1.16224347903858,2.37008153056397,0.5109708619170916,,54180,True,0.0,0.0
11,hard_reset,0.0,0.0,0.2,10.0,270,0.9903492247867144,2.66276222429784,0.02038520361699051,,61160,True,0.0,0.0
12,hard_reset,0.0,0.0,0.3,14.999999999999998,0,1.3710497310474763,2.7721903568646313,0.2750232725425328,,64320,True,0.0,0.0
13,hard_reset,0.0,0.0,0.3,14.999999999999998,30,1.5236833290482523,2.88738553159744,0.5419614424061914,,55420,True,0.0,0.0
14,hard_reset,0.0,0.0,0.3,14.999999999999998,90,2.2731910403017515,4.5627270716388235,0.0,,44180,True,0.0,0.0
15,hard_reset,0.0,0.0,0.3,14.999999999999998,150,1.5400121728161629,2.7525627042801286,0.3733423256390399,,55640,True,0.0,0.0
16,hard_reset,0.0,0.0,0.3,14.999999999999998,180,1.4269777674219786,3.205258585847182,0.49699733050885353,,64060,True,0.0,0.0
17,hard_reset,0.0,0.0,0.3,14.999999999999998,270,1.0345849964522578,2.664839626488759,0.0009469548046489609,,87060,True,0.0,0.0
18,hard_reset,0.0,0.0,0.4,20.0,0,1.411409974985743,3.233716969153607,0.26881209724862565,,101060,True,0.0,0.0
19,hard_reset,0.0,0.0,0.4,20.0,30,5.351160299083822,15.345738797232668,0.29812084412197787,,72180,True,0.0,0.0
20,hard_reset,0.0,0.0,0.4,20.0,90,3.8984358454556234,8.246395366612685,0.0020213054478667994,,43160,True,0.0,0.0
21,hard_reset,0.0,0.0,0.4,20.0,150,7.170488243316334,17.02451615976019,0.29144336379160457,,72700,True,0.0,0.0
22,hard_reset,0.0,0.0,0.4,20.0,180,1.47014289732884,3.5181911398178913,0.3497016934956643,,100120,True,0.0,0.0
23,hard_reset,0.0,0.0,0.4,20.0,270,1.014677133405348,2.4203461644772952,0.0,,167020,True,0.0,0.0
24,hard_reset,0.0,0.1,0.1,5.0,0,1.085102231251531,2.024151372533477,0.7941402563750376,,53160,True,0.0,0.1
25,hard_reset,0.0,0.1,0.1,5.0,30,1.0167053507691448,1.579465008476589,0.7213582594407898,,53160,True,0.0,0.1
26,hard_reset,0.0,0.1,0.1,5.0,90,1.0984851060221854,1.4161492445401591,0.5056190943566089,,52420,True,0.0,0.1
27,hard_reset,0.0,0.1,0.1,5.0,150,1.039703502746081,1.6006520467112795,0.7141251517723306,,52820,True,0.0,0.1
28,hard_reset,0.0,0.1,0.1,5.0,180,1.1252769154427542,2.078214595413038,0.930730989347811,,52780,True,0.0,0.1
29,hard_reset,0.0,0.1,0.1,5.0,270,1.05397513890701,2.3316219006608083,0.6538483782938372,,53480,True,0.0,0.1
30,hard_reset,0.0,0.1,0.2,10.0,0,1.6836885969772277,2.2615575220865267,0.9950428100602684,,54880,True,0.0,0.1
31,hard_reset,0.0,0.1,0.2,10.0,30,1.4971404994108208,1.7737950583904887,0.9313354035890788,,51500,True,0.0,0.1
32,hard_reset,0.0,0.1,0.2,10.0,90,1.9806066670825677,2.077648867642397,0.6652461659059636,,48120,True,0.0,0.1
33,hard_reset,0.0,0.1,0.2,10.0,150,1.4953124448474389,1.793663378877028,0.8096133230309231,,50960,True,0.0,0.1
34,hard_reset,0.0,0.1,0.2,10.0,180,1.7230779335680058,2.3365876531083654,0.978244946711347,,54220,True,0.0,0.1
35,hard_reset,0.0,0.1,0.2,10.0,270,1.464871978297923,2.5942040088960496,0.6765179731926032,,61640,True,0.0,0.1
36,hard_reset,0.0,0.1,0.3,14.999999999999998,0,2.292242352836599,3.1974519924995413,0.9999999998955429,,65120,True,0.0,0.1
37,hard_reset,0.0,0.1,0.3,14.999999999999998,30,2.4572321737099867,2.8711770093146,0.9954744124848653,,55760,True,0.0,0.1
38,hard_reset,0.0,0.1,0.3,14.999999999999998,90,3.4626208237386717,5.434080251345238,0.8502638963561456,,43740,True,0.0,0.1
39,hard_reset,0.0,0.1,0.3,14.999999999999998,150,2.432744550400945,2.8907190200272685,0.9999999998448326,,55260,True,0.0,0.1
40,hard_reset,0.0,0.1,0.3,14.999999999999998,180,2.314499234136756,3.3248171872528687,0.9999999999255693,,63980,True,0.0,0.1
41,hard_reset,0.0,0.1,0.3,14.999999999999998,270,2.019014760220923,2.7134445427262235,0.6920956083827812,,87740,True,0.0,0.1
42,hard_reset,0.0,0.1,0.4,20.0,0,2.8067952153527207,4.0555256365098735,0.9997883859242045,,102440,True,0.0,0.1
43,hard_reset,0.0,0.1,0.4,20.0,30,4.787005350636462,4.747376889277335,,diverged,223892,False,0.0,0.1
44,hard_reset,0.0,0.1,0.4,20.0,90,4.777501654101048,8.006548617857163,0.02927444630462141,,42100,True,0.0,0.1
45,hard_reset,0.0,0.1,0.4,20.0,150,4.801432383864886,4.818541973346361,,diverged,222539,False,0.0,0.1
46,hard_reset,0.0,0.1,0.4,20.0,180,2.7187662179409915,4.209731745438408,0.9998120435593153,,100060,True,0.0,0.1
47,hard_reset,0.0,0.1,0.4,20.0,270,2.7298412243534793,2.88443097001923,0.744683500369851,,167240,True,0.0,0.1
48,hard_reset,0.0,0.01,0.1,5.0,0,0.9277632792017292,2.0455901931873797,0.4044549233751552,,53020,True,0.0,0.01
49,hard_reset,0.0,0.01,0.1,5.0,30,0.9107467390367975,1.6908876335015575,0.526478106051047,,53180,True,0.0,0.01
50,hard_reset,0.0,0.01,0.1,5.0,90,0.9394455754391708,1.512125298569292,0.15156651399836454,,52700,True,0.0,0.01
51,hard_reset,0.0,0.01,0.1,5.0,150,0.9074775254570674,1.7053723211626293,0.4292994390520286,,53000,True,0.0,0.01
52,hard_reset,0.0,0.01,0.1,5.0,180,0.936924570172354,2.0780499799998724,0.4670360755919313,,52840,True,0.0,0.01
53,hard_reset,0.0,0.01,0.1,5.0,270,0.8956967893600594,2.3267223206502985,0.062071597914946486,,53280,True,0.0,0.01
54,hard_reset,0.0,0.01,0.2,10.0,0,1.2206683574178574,2.2452386433165525,0.5248169211806479,,54420,True,0.0,0.01
55,hard_reset,0.0,0.01,0.2,10.0,30,1.1371902385818835,1.8804231880797495,0.5876252411767734,,51500,True,0.0,0.01
56,hard_reset,0.0,0.01,0.2,10.0,90,1.3528925959614186,1.8778414699503498,0.11068013888515658,,48540,True,0.0,0.01
57,hard_reset,0.0,0.01,0.2,10.0,150,1.116940549879494,1.8578620236415784,0.5007603610870877,,51240,True,0.0,0.01
58,hard_reset,0.0,0.01,0.2,10.0,180,1.2509224199325448,2.36664012209848,0.5859842121916112,,54140,True,0.0,0.01
59,hard_reset,0.0,0.01,0.2,10.0,270,1.058114115508504,2.645958875416503,0.11199997321661805,,61320,True,0.0,0.01
60,hard_reset,0.0,0.01,0.3,14.999999999999998,0,1.5092514333306568,2.810152222462465,0.3714257792622171,,64160,True,0.0,0.01
61,hard_reset,0.0,0.01,0.3,14.999999999999998,30,1.636954949225223,2.838169794448806,0.5837957473067388,,55540,True,0.0,0.01
62,hard_reset,0.0,0.01,0.3,14.999999999999998,90,2.4106839994945948,4.650559231018958,0.09601662589648441,,44120,True,0.0,0.01
63,hard_reset,0.0,0.01,0.3,14.999999999999998,150,1.6507338403387233,2.7599985671403062,0.4413134968697395,,55560,True,0.0,0.01
64,hard_reset,0.0,0.01,0.3,14.999999999999998,180,1.559253492954682,3.2159046078740925,0.570492690270271,,63760,True,0.0,0.01
65,hard_reset,0.0,0.01,0.3,14.999999999999998,270,1.1959393346807112,2.6652849295237324,0.1130792886742334,,87240,True,0.0,0.01
66,hard_reset,0.0,0.01,0.4,20.0,0,1.5863978831102639,3.31487147166288,0.35621013948744285,,100800,True,0.0,0.01
67,hard_reset,0.0,0.01,0.4,20.0,30,5.373857976295322,15.32426971915675,0.3095175952087567,,72300,True,0.0,0.01
68,hard_reset,0.0,0.01,0.4,20.0,90,3.950756336930428,8.24927981000732,0.003787978967879615,,43100,True,0.0,0.01
69,hard_reset,0.0,0.01,0.4,20.0,150,7.191888986542773,17.03034146169359,0.34641295929772853,,72780,True,0.0,0.01
70,hard_reset,0.0,0.01,0.4,20.0,180,1.6352993596482641,3.5948162748502277,0.43333339822250205,,99860,True,0.0,0.01
71,hard_reset,0.0,0.01,0.4,20.0,270,1.2669837200644631,2.4632953361244145,0.10670780581430121,,166900,True,0.0,0.01
72,hard_reset,0.0,0.005,0.1,5.0,0,0.9194837097532569,2.043277067706146,0.37053911626291525,,52980,True,0.0,0.005
73,hard_reset,0.0,0.005,0.1,5.0,30,0.8940757810098867,1.640797013159316,0.34883345488217654,,53200,True,0.0,0.005
74,hard_reset,0.0,0.005,0.1,5.0,90,0.9283781393195749,1.5301753563893268,0.1340603326221394,,52780,True,0.0,0.005
75,hard_reset,0.0,0.005,0.1,5.0,150,0.8965350572134136,1.700503249892403,0.3732304490259496,,53060,True,0.0,0.005
76,hard_reset,0.0,0.005,0.1,5.0,180,0.9187082034925863,2.069372383203018,0.3794336112192339,,52840,True,0.0,0.005
77,hard_reset,0.0,0.005,0.1,5.0,270,0.8865080562677141,2.339009208832557,0.036999623513924496,,53220,True,0.0,0.005
78,hard_reset,0.0,0.005,0.2,10.0,0,1.1771052509711522,2.2353697023149266,0.4741051309769632,,54360,True,0.0,0.005
79,hard_reset,0.0,0.005,0.2,10.0,30,1.0992653587134826,1.8973939498969323,0.5540039979750848,,51500,True,0.0,0.005
80,hard_reset,0.0,0.005,0.2,10.0,90,1.2827333819645552,1.8689947741127346,0.05080057963460911,,48680,True,0.0,0.005
81,hard_reset,0.0,0.005,0.2,10.0,150,1.0776052255356192,1.8756844973303926,0.48994693123708144,,51320,True,0.0,0.005
82,hard_reset,0.0,0.005,0.2,10.0,180,1.2015458380758899,2.3593865497221884,0.5386388459273319,,54160,True,0.0,0.005
83,hard_reset,0.0,0.005,0.2,10.0,270,1.0161201049968804,2.6457776604669196,0.052076036487730466,,61260,True,0.0,0.005
84,hard_reset,0.0,0.005,0.3,14.999999999999998,0,1.429793875632224,2.7891213402919224,0.3163805151428233,,64140,True,0.0,0.005
85,hard_reset,0.0,0.005,0.3,14.999999999999998,30,1.5530878698789206,2.8533782016235625,0.5468933550667945,,55540,True,0.0,0.005
86,hard_reset,0.0,0.005,0.3,14.999999999999998,90,2.3177168276318403,4.58334414873038,0.02971591235306722,,44180,True,0.0,0.005
87,hard_reset,0.0,0.005,0.3,14.999999999999998,150,1.5735863702504964,2.756475541628565,0.39562010159870103,,55720,True,0.0,0.005
88,hard_reset,0.0,0.005,0.3,14.999999999999998,180,1.4804464566087798,3.210678771103823,0.5269349085761352,,63840,True,0.0,0.005
89,hard_reset,0.0,0.005,0.3,14.999999999999998,270,1.0972580168485093,2.6635417008003763,0.044276074143881024,,87160,True,0.0,0.005
90,hard_reset,0.0,0.005,0.4,20.0,0,1.4553184774574832,3.2696677722123084,0.2937807486454195,,101000,True,0.0,0.005
91,hard_reset,0.0,0.005,0.4,20.0,30,5.358688709399539,15.322662786582836,0.2917950783061948,,72220,True,0.0,0.005
92,hard_reset,0.0,0.005,0.4,20.0,90,3.9395705631595765,8.279359584184554,0.0036689698333240523,,43140,True,0.0,0.005
93,hard_reset,0.0,0.005,0.4,20.0,150,7.175572449385802,17.009467786516986,0.270394500942138,,72800,True,0.0,0.005
94,hard_reset,0.0,0.005,0.4,20.0,180,1.5118793312172933,3.5573810435038347,0.3739864794741905,,100100,True,0.0,0.005
95,hard_reset,0.0,0.005,0.4,20.0,270,1.0656398473344846,2.443864933642148,0.02321724505206683,,166940,True,0.0,0.005
96,hard_reset,0.0,0.003,0.1,5.0,0,0.9146449665389143,2.0547318189333854,0.40062116489384403,,52960,True,0.0,0.003
97,hard_reset,0.0,0.003,0.1,5.0,30,0.8944025307623883,1.6266623917972043,0.31945790587604367,,53200,True,0.0,0.003
98,hard_reset,0.0,0.003,0.1,5.0,90,0.9156400531083893,1.4914644340538343,0.07660178965363193,,52820,True,0.0,0.003
99,hard_reset,0.0,0.003,0.1,5.0,150,0.8873501792517953,1.687827828129381,0.3055466382315142,,53080,True,0.0,0.003
100,hard_reset,0.0,0.003,0.1,5.0,180,0.9211175578515948,2.092247205275809,0.4982714017549127,,52840,True,0.0,0.003
101,hard_reset,0.0,0.003,0.1,5.0,270,0.8834454864200189,2.341785887195755,0.0276695984181125,,53200,True,0.0,0.003
102,hard_reset,0.0,0.003,0.2,10.0,0,1.167335568864861,2.261503672868013,0.4847428998932396,,54320,True,0.0,0.003
103,hard_reset,0.0,0.003,0.2,10.0,30,1.0920999984660518,1.9101390028718281,0.5519628340093836,,51500,True,0.0,0.003
104,hard_reset,0.0,0.003,0.2,10.0,90,1.256155069548294,1.8656206906562236,0.02811295187741666,,48740,True,0.0,0.003
105,hard_reset,0.0,0.003,0.2,10.0,150,1.0616271168028601,1.882514065809791,0.48477140766786236,,51360,True,0.0,0.003
106,hard_reset,0.0,0.003,0.2,10.0,180,1.1806185728221297,2.357591303230267,0.5193504849112406,,54180,True,0.0,0.003
107,hard_reset,0.0,0.003,0.2,10.0,270,1.0009754992783506,2.637901491083649,0.028142750936672505,,61220,True,0.0,0.003
108,hard_reset,0.0,0.003,0.3,14.999999999999998,0,1.404622663230834,2.783163232796504,0.299279759915862,,64200,True,0.0,0.003
109,hard_reset,0.0,0.003,0.3,14.999999999999998,30,1.5393203627044236,2.8671838082961925,0.5439931020958719,,55520,True,0.0,0.003
110,hard_reset,0.0,0.003,0.3,14.999999999999998,90,2.2976698035426963,4.57354338313415,0.016245539048107716,,44180,True,0.0,0.003
111,hard_reset,0.0,0.003,0.3,14.999999999999998,150,1.55579079655055,2.7546364017320366,0.3840481045305289,,55700,True,0.0,0.003
112,hard_reset,0.0,0.003,0.3,14.999999999999998,180,1.4540994216672656,3.2076004209143116,0.5120993542523383,,63920,True,0.0,0.003
113,hard_reset,0.0,0.003,0.3,14.999999999999998,270,1.0651200530836358,2.6589381054198196,0.02125083627505717,,87120,True,0.0,0.003
114,hard_reset,0.0,0.003,0.4,20.0,0,1.4271593010021308,3.2547484118397043,0.2793540353231352,,101040,True,0.0,0.003
115,hard_reset,0.0,0.003,0.4,20.0,30,5.34903003117402,15.310267224675906,0.2733074805007399,,72240,True,0.0,0.003
116,hard_reset,0.0,0.003,0.4,20.0,90,3.922332417895446,8.262301319992341,0.0029511507993130086,,43160,True,0.0,0.003
117,hard_reset,0.0,0.003,0.4,20.0,150,7.171836153390262,17.00524522210492,0.25414385905520115,,72800,True,0.0,0.003
118,hard_reset,0.0,0.003,0.4,20.0,180,1.4842711060255782,3.546828442487206,0.36036479882092476,,100160,True,0.0,0.003
119,hard_reset,0.0,0.003,0.4,20.0,270,1.0274952251873228,2.43154446410808,0.006431669767499119,,166960,True,0.0,0.003
120,hard_reset,0.0,0.001,0.1,5.0,0,0.9094989926323519,2.0205089551621054,0.2517883234161633,,52960,True,0.0,0.001
121,hard_reset,0.0,0.001,0.1,5.0,30,0.897723874673482,1.6880844238507307,0.46666666114275146,,53180,True,0.0,0.001
122,hard_reset,0.0,0.001,0.1,5.0,90,0.9043666956297655,1.4622048450866778,0.028886350373733122,,52860,True,0.0,0.001
123,hard_reset,0.0,0.001,0.1,5.0,150,0.8912078169423906,1.6932221038529804,0.33414330005480575,,53100,True,0.0,0.001
124,hard_reset,0.0,0.001,0.1,5.0,180,0.917994376188761,2.076040986202611,0.4105975041565927,,52840,True,0.0,0.001
125,hard_reset,0.0,0.001,0.1,5.0,270,0.883629918156237,2.348962574978356,0.03365450633152184,,53160,True,0.0,0.001
126,hard_reset,0.0,0.001,0.2,10.0,0,1.150173528298027,2.2463399963898008,0.456009362096802,,54280,True,0.0,0.001
127,hard_reset,0.0,0.001,0.2,10.0,30,1.077760923710086,1.918263387624445,0.5400228207752245,,51500,True,0.0,0.001
128,hard_reset,0.0,0.001,0.2,10.0,90,1.234118144654345,1.8634355732238312,0.00939746675121437,,48800,True,0.0,0.001
129,hard_reset,0.0,0.001,0.2,10.0,150,1.0514438723950483,1.893336346215765,0.4938306404669395,,51400,True,0.0,0.001
130,hard_reset,0.0,0.001,0.2,10.0,180,1.1732317603265099,2.3718575458443305,0.5216055377442643,,54160,True,0.0,0.001
131,hard_reset,0.0,0.001,0.2,10.0,270,0.9935224138995823,2.665499887989457,0.025723179441159365,,61180,True,0.0,0.001
132,hard_reset,0.0,0.001,0.3,14.999999999999998,0,1.380291395630379,2.7750685097540275,0.2816322738668707,,64280,True,0.0,0.001
133,hard_reset,0.0,0.001,0.3,14.999999999999998,30,1.5223056919466844,2.8693083914436235,0.5362381904446939,,55460,True,0.0,0.001
134,hard_reset,0.0,0.001,0.3,14.999999999999998,90,2.280814007283149,4.565627344594425,0.004976628704981034,,44180,True,0.0,0.001
135,hard_reset,0.0,0.001,0.3,14.999999999999998,150,1.5466817637422174,2.753391390007243,0.37781952048827716,,55660,True,0.0,0.001
136,hard_reset,0.0,0.001,0.3,14.999999999999998,180,1.4331775647900453,3.2013552915507404,0.49953872704745544,,64020,True,0.0,0.001
137,hard_reset,0.0,0.001,0.3,14.999999999999998,270,1.039689539217187,2.6586535316149074,0.0035452182021880932,,87080,True,0.0,0.001
138,hard_reset,0.0,0.001,0.4,20.0,0,1.415576143253744,3.24045935383224,0.2718305690453625,,101060,True,0.0,0.001
139,hard_reset,0.0,0.001,0.4,20.0,30,5.356447813077963,15.352409291208717,0.3081686076923231,,72160,True,0.0,0.001
140,hard_reset,0.0,0.001,0.4,20.0,90,3.906300392859648,8.25237984065556,0.0023336428665613786,,43160,True,0.0,0.001
141,hard_reset,0.0,0.001,0.4,20.0,150,7.168724012912641,17.014022685172634,0.2661275642930461,,72820,True,0.0,0.001
142,hard_reset,0.0,0.001,0.4,20.0,180,1.4731219173706478,3.5298476525110765,0.3528427958671313,,100140,True,0.0,0.001
143,hard_reset,0.0,0.001,0.4,20.0,270,1.0181387312627441,2.4250486024580757,0.0019250050472019707,,167000,True,0.0,0.001
144,soft_reset,0.5,0.0,0.1,5.0,0,0.8650640424610389,2.0393574770697276,0.1915887165181264,,52820,True,0.5,0.0
145,soft_reset,0.5,0.0,0.1,5.0,30,0.8614723340308214,1.6763119275096219,0.29154283933218805,,53160,True,0.5,0.0
146,soft_reset,0.5,0.0,0.1,5.0,90,1.0212837506536563,1.461026570146272,0.33268050233698876,,52980,True,0.5,0.0
147,soft_reset,0.5,0.0,0.1,5.0,150,0.874791155251763,1.714594097154503,0.3188774903105638,,53100,True,0.5,0.0
148,soft_reset,0.5,0.0,0.1,5.0,180,0.8671926136154466,2.066172143007692,0.2370349800871287,,52800,True,0.5,0.0
149,soft_reset,0.5,0.0,0.1,5.0,270,0.9356031711601686,2.543083676527965,0.3701329954689927,,53100,True,0.5,0.0
150,soft_reset,0.5,0.0,0.2,10.0,0,0.9917292254809772,1.9900323351112013,0.10042119845273678,,53740,True,0.5,0.0
151,soft_reset,0.5,0.0,0.2,10.0,30,0.9181015156406146,1.3525175606340234,0.11049728288753413,,51240,True,0.5,0.0
152,soft_reset,0.5,0.0,0.2,10.0,90,1.5924363164845319,2.7483900643092705,0.4462310229875312,,49000,True,0.5,0.0
153,soft_reset,0.5,0.0,0.2,10.0,150,0.9104481306579402,1.736355360875109,0.03319343563090595,,51280,True,0.5,0.0
154,soft_reset,0.5,0.0,0.2,10.0,180,0.9952805305128449,2.0628083653722182,0.17888677528677024,,53880,True,0.5,0.0
155,soft_reset,0.5,0.0,0.2,10.0,270,1.152912985514402,3.179951608509339,0.40593110904674556,,61060,True,0.5,0.0
156,soft_reset,0.5,0.0,0.3,14.999999999999998,0,1.137407495635593,2.5704173495056075,0.0462149426858058,,63420,True,0.5,0.0
157,soft_reset,0.5,0.0,0.3,14.999999999999998,30,1.1894028509280887,1.8129268561535579,0.07794929793869142,,54360,True,0.5,0.0
158,soft_reset,0.5,0.0,0.3,14.999999999999998,90,2.7387495192218467,5.094577584974894,0.36640057182936736,,44180,True,0.5,0.0
159,soft_reset,0.5,0.0,0.3,14.999999999999998,150,1.2763183611723121,2.5969819394288027,0.0728610176786226,,54980,True,0.5,0.0
160,soft_reset,0.5,0.0,0.3,14.999999999999998,180,1.1521585823814424,2.4321079772567593,0.19018933418593487,,63520,True,0.5,0.0
161,soft_reset,0.5,0.0,0.3,14.999999999999998,270,1.3263912860109237,3.8210829600167826,0.38060827174770084,,86940,True,0.5,0.0
162,soft_reset,0.5,0.0,0.4,20.0,0,1.1784452200453825,2.761236830040881,0.08141663468018559,,99200,True,0.5,0.0
163,soft_reset,0.5,0.0,0.4,20.0,30,3.215826658769208,4.741080574368283,,diverged,222139,False,0.5,0.0
164,soft_reset,0.5,0.0,0.4,20.0,90,12.901826810562463,30.01464027334442,0.4853017588310577,,53480,True,0.5,0.0
165,soft_reset,0.5,0.0,0.4,20.0,150,3.2097008830478497,4.738988524555843,,diverged,222646,False,0.5,0.0
166,soft_reset,0.5,0.0,0.4,20.0,180,1.1895066290173435,2.5524910984122666,0.07483366546965951,,99060,True,0.5,0.0
167,soft_reset,0.5,0.0,0.4,20.0,270,1.3107891085168566,3.6685259816973836,0.2594776240700575,,167200,True,0.5,0.0
168,soft_reset,0.5,0.1,0.1,5.0,0,1.083393643898653,2.016099282414357,0.7576249884070129,,53160,True,0.5,0.1
169,soft_reset,0.5,0.1,0.1,5.0,30,1.0154585352141108,1.5696389070994283,0.6948569808990791,,53160,True,0.5,0.1
170,soft_reset,0.5,0.1,0.1,5.0,90,1.0995738731631244,1.4191557363822436,0.5103406896074414,,52420,True,0.5,0.1
171,soft_reset,0.5,0.1,0.1,5.0,150,1.0382450823163087,1.5947689803943916,0.6940852096772755,,52820,True,0.5,0.1
172,soft_reset,0.5,0.1,0.1,5.0,180,1.1223967219330562,2.066669100076548,0.866660920163709,,52780,True,0.5,0.1
173,soft_reset,0.5,0.1,0.1,5.0,270,1.064903540575408,2.374072053609136,0.7258050218715119,,53460,True,0.5,0.1
174,soft_reset,0.5,0.1,0.2,10.0,0,1.6849253410415337,2.2663678363190467,0.9999999998235337,,54800,True,0.5,0.1
175,soft_reset,0.5,0.1,0.2,10.0,30,1.4934412813875522,1.7672183315849281,0.9243354108823174,,51500,True,0.5,0.1
176,soft_reset,0.5,0.1,0.2,10.0,90,1.9832418901932019,2.077648867642397,0.66744343759513,,48120,True,0.5,0.1
177,soft_reset,0.5,0.1,0.2,10.0,150,1.4916276746927906,1.793625958436727,0.8053398862817621,,50960,True,0.5,0.1
178,soft_reset,0.5,0.1,0.2,10.0,180,1.723424071130166,2.329826701391797,0.9744333410265422,,54180,True,0.5,0.1
179,soft_reset,0.5,0.1,0.2,10.0,270,1.471339792643598,2.6559263861063633,0.704091636980631,,61640,True,0.5,0.1
180,soft_reset,0.5,0.1,0.3,14.999999999999998,0,2.2882691533913313,3.191631905210402,0.9949660810934156,,64980,True,0.5,0.1
181,soft_reset,0.5,0.1,0.3,14.999999999999998,30,2.4500867955525854,2.8603379025086975,0.9889421966935936,,55640,True,0.5,0.1
182,soft_reset,0.5,0.1,0.3,14.999999999999998,90,3.4665926733860624,5.441691901390589,0.8539311303594451,,43740,True,0.5,0.1
183,soft_reset,0.5,0.1,0.3,14.999999999999998,150,2.4286115389424587,2.8876006227969233,0.9946068997204291,,55200,True,0.5,0.1
184,soft_reset,0.5,0.1,0.3,14.999999999999998,180,2.3115827183623385,3.316790134013381,0.9967805288630277,,63920,True,0.5,0.1
185,soft_reset,0.5,0.1,0.3,14.999999999999998,270,2.0314918460750677,2.8310499025178792,0.7187640102924482,,87720,True,0.5,0.1
186,soft_reset,0.5,0.1,0.4,20.0,0,2.802308634539008,4.056611211710047,0.9981647748566893,,102200,True,0.5,0.1
187,soft_reset,0.5,0.1,0.4,20.0,30,4.780463395993052,4.710282090996557,,diverged,223750,False,0.5,0.1
188,soft_reset,0.5,0.1,0.4,20.0,90,4.87102442596845,8.30220199448353,0.03488053512917702,,42220,True,0.5,0.1
189,soft_reset,0.5,0.1,0.4,20.0,150,4.801433524456678,4.818541973346361,,diverged,222539,False,0.5,0.1
190,soft_reset,0.5,0.1,0.4,20.0,180,2.7163250031018387,4.2095529524371464,0.9987274257258827,,99940,True,0.5,0.1
191,soft_reset,0.5,0.1,0.4,20.0,270,2.7392701901982712,2.9642064680961777,0.7574324159282907,,167260,True,0.5,0.1
192,soft_reset,0.5,0.01,0.1,5.0,0,0.9026652845816527,2.036325810541351,0.29286785706311547,,52940,True,0.5,0.01
193,soft_reset,0.5,0.01,0.1,5.0,30,0.8782746533321171,1.6340651110705913,0.26902238235069104,,53180,True,0.5,0.01
194,soft_reset,0.5,0.01,0.1,5.0,90,0.986511444733745,1.4904362654986736,0.26055521764166045,,52760,True,0.5,0.01
195,soft_reset,0.5,0.01,0.1,5.0,150,0.8830505038444374,1.6947529201713687,0.304735855614717,,53020,True,0.5,0.01
196,soft_reset,0.5,0.01,0.1,5.0,180,0.9067086637755254,2.0676796363346077,0.3415884455282736,,52800,True,0.5,0.01
197,soft_reset,0.5,0.01,0.1,5.0,270,0.9402210724317238,2.488059666848574,0.34666100098552755,,53220,True,0.5,0.01
198,soft_reset,0.5,0.01,0.2,10.0,0,1.1331122689703648,2.0372632837931306,0.2768085955800076,,54080,True,0.5,0.01
199,soft_reset,0.5,0.01,0.2,10.0,30,1.0532071535025924,1.5539517297607854,0.34863566796789225,,51300,True,0.5,0.01
200,soft_reset,0.5,0.01,0.2,10.0,90,1.5271069481132205,2.34681418857342,0.32910760504627445,,48640,True,0.5,0.01
201,soft_reset,0.5,0.01,0.2,10.0,150,1.041258361642301,1.7421686325640762,0.1934680205378335,,51140,True,0.5,0.01
202,soft_reset,0.5,0.01,0.2,10.0,180,1.1509963272421502,2.140531408487901,0.3615599223005121,,53940,True,0.5,0.01
203,soft_reset,0.5,0.01,0.2,10.0,270,1.1541140123992513,2.990060097440438,0.3511807604606648,,61260,True,0.5,0.01
204,soft_reset,0.5,0.01,0.3,14.999999999999998,0,1.3599544580676948,2.7289387713267454,0.248048525846647,,63380,True,0.5,0.01
205,soft_reset,0.5,0.01,0.3,14.999999999999998,30,1.4467305320009267,2.1324393774454977,0.2934163526664394,,54840,True,0.5,0.01
206,soft_reset,0.5,0.01,0.3,14.999999999999998,90,2.7169071725421823,5.028845258910634,0.3420295268428355,,44120,True,0.5,0.01
207,soft_reset,0.5,0.01,0.3,14.999999999999998,150,1.5075557737803342,2.6135029265069023,0.21581262833788922,,55180,True,0.5,0.01
208,soft_reset,0.5,0.01,0.3,14.999999999999998,180,1.392737824087529,2.7425999590202315,0.38360048021664445,,63300,True,0.5,0.01
209,soft_reset,0.5,0.01,0.3,14.999999999999998,270,1.3577165443892645,3.443363386310236,0.3445438156124361,,87160,True,0.5,0.01
210,soft_reset,0.5,0.01,0.4,20.0,0,1.4453180231176566,3.119895918135775,0.26049466730668885,,99040,True,0.5,0.01
211,soft_reset,0.5,0.01,0.4,20.0,30,5.984688822397557,14.878770225869658,0.6999999998898779,,79360,True,0.5,0.01
212,soft_reset,0.5,0.01,0.4,20.0,90,6.143354605343348,12.532415452630438,0.11290145110456187,,46280,True,0.5,0.01
213,soft_reset,0.5,0.01,0.4,20.0,150,7.518098017701136,16.88580998999033,0.6999999997996416,,81180,True,0.5,0.01
214,soft_reset,0.5,0.01,0.4,20.0,180,1.4809674910000357,3.0745668734474063,0.2838935204241957,,98800,True,0.5,0.01
215,soft_reset,0.5,0.01,0.4,20.0,270,1.4450810519480544,3.2983360929989787,0.2722216335231157,,166980,True,0.5,0.01
216,soft_reset,0.5,0.005,0.1,5.0,0,0.8745611674694589,1.9999922503686487,0.06675953392357434,,52920,True,0.5,0.005
217,soft_reset,0.5,0.005,0.1,5.0,30,0.8719588480218778,1.6727673635698213,0.327094353647638,,53160,True,0.5,0.005
218,soft_reset,0.5,0.005,0.1,5.0,90,0.9968471657149347,1.4809840509280856,0.28154812398353,,52840,True,0.5,0.005
219,soft_reset,0.5,0.005,0.1,5.0,150,0.878545449526757,1.7177098172376901,0.3415842539427793,,53040,True,0.5,0.005
220,soft_reset,0.5,0.005,0.1,5.0,180,0.8763719907432583,2.039641414908263,0.12863028649921243,,52820,True,0.5,0.005
221,soft_reset,0.5,0.005,0.1,5.0,270,0.9366978372638026,2.5167247123483247,0.35473619770205467,,53160,True,0.5,0.005
222,soft_reset,0.5,0.005,0.2,10.0,0,1.0647416401598124,2.034511978972096,0.20710870647156643,,53920,True,0.5,0.005
223,soft_reset,0.5,0.005,0.2,10.0,30,0.9797334126554239,1.4747242323720533,0.23283238251041205,,51300,True,0.5,0.005
224,soft_reset,0.5,0.005,0.2,10.0,90,1.5355635930254015,2.5094568586651027,0.36153326873743274,,48800,True,0.5,0.005
225,soft_reset,0.5,0.005,0.2,10.0,150,0.9689671969816646,1.7379832983415415,0.10303570347162554,,51220,True,0.5,0.005
226,soft_reset,0.5,0.005,0.2,10.0,180,1.0670694958810865,2.0871124954585576,0.25609136930618254,,53920,True,0.5,0.005
227,soft_reset,0.5,0.005,0.2,10.0,270,1.1360985421162642,3.0551818835382827,0.34485986111218037,,61180,True,0.5,0.005
228,soft_reset,0.5,0.005,0.3,14.999999999999998,0,1.2347291287891375,2.6686297322079673,0.14830047841743524,,63280,True,0.5,0.005
229,soft_reset,0.5,0.005,0.3,14.999999999999998,30,1.2993947864454185,2.0001034469906074,0.18417763920162367,,54720,True,0.5,0.005
230,soft_reset,0.5,0.005,0.3,14.999999999999998,90,2.71803701102444,5.036031092087627,0.34395678358313997,,44180,True,0.5,0.005
231,soft_reset,0.5,0.005,0.3,14.999999999999998,150,1.366287540448512,2.5953293637366643,0.12035690750145411,,55200,True,0.5,0.005
232,soft_reset,0.5,0.005,0.3,14.999999999999998,180,1.2538242279351284,2.594648902262244,0.27835151424185134,,63360,True,0.5,0.005
233,soft_reset,0.5,0.005,0.3,14.999999999999998,270,1.3154190911695358,3.594801671815509,0.33834916024380346,,87060,True,0.5,0.005
234,soft_reset,0.5,0.005,0.4,20.0,0,1.2577107269041046,2.939457251814888,0.14858097280377663,,99180,True,0.5,0.005
235,soft_reset,0.5,0.005,0.4,20.0,30,3.1836356951187357,4.459192543231406,,diverged,222089,False,0.5,0.005
236,soft_reset,0.5,0.005,0.4,20.0,90,6.413297504072946,13.003483424226232,0.1258609464876409,,46680,True,0.5,0.005
237,soft_reset,0.5,0.005,0.4,20.0,150,3.1828282383600586,4.450702038969403,,diverged,222578,False,0.5,0.005
238,soft_reset,0.5,0.005,0.4,20.0,180,1.2801436337762746,2.7830644788760956,0.15068627352872324,,99020,True,0.5,0.005
239,soft_reset,0.5,0.005,0.4,20.0,270,1.3310125303891398,3.5677593109772054,0.25635121084479306,,167080,True,0.5,0.005
240,soft_reset,0.5,0.003,0.1,5.0,0,0.8709106255260619,2.0127362608718933,0.10543913844011366,,52880,True,0.5,0.003
241,soft_reset,0.5,0.003,0.1,5.0,30,0.8621622850112038,1.639919229885752,0.21528475600382035,,53180,True,0.5,0.003
242,soft_reset,0.5,0.003,0.1,5.0,90,1.008606668038461,1.4941777492818202,0.3204531984444743,,52880,True,0.5,0.003
243,soft_reset,0.5,0.003,0.1,5.0,150,0.8692590251917105,1.699442243703778,0.2600619394763467,,53080,True,0.5,0.003
244,soft_reset,0.5,0.003,0.1,5.0,180,0.8746602745047453,2.0572415792542738,0.2113031732366919,,52800,True,0.5,0.003
245,soft_reset,0.5,0.003,0.1,5.0,270,0.92921093313433,2.5170104692320394,0.32712604789963157,,53160,True,0.5,0.003
246,soft_reset,0.5,0.003,0.2,10.0,0,1.0328280833872978,2.0150150165906897,0.16043312862724113,,53860,True,0.5,0.003
247,soft_reset,0.5,0.003,0.2,10.0,30,0.959929041500325,1.436197918432712,0.19385774830090974,,51260,True,0.5,0.003
248,soft_reset,0.5,0.003,0.2,10.0,90,1.5488307950390565,2.592276664675966,0.38551657767233793,,48880,True,0.5,0.003
249,soft_reset,0.5,0.003,0.2,10.0,150,0.9430762148000584,1.736277613396191,0.07025264660706491,,51240,True,0.5,0.003
250,soft_reset,0.5,0.003,0.2,10.0,180,1.0329003696732009,2.0698973491953816,0.2159094892826588,,53920,True,0.5,0.003
251,soft_reset,0.5,0.003,0.2,10.0,270,1.1429886185559135,3.1108634602872254,0.3712393550955633,,61140,True,0.5,0.003
252,soft_reset,0.5,0.003,0.3,14.999999999999998,0,1.1906273597063595,2.635210414812523,0.10734398442761864,,63340,True,0.5,0.003
253,soft_reset,0.5,0.003,0.3,14.999999999999998,30,1.2519884581335985,1.9126875245833563,0.1365106572941583,,54560,True,0.5,0.003
254,soft_reset,0.5,0.003,0.3,14.999999999999998,90,2.7180969466979312,5.052248816112396,0.3468476444195286,,44180,True,0.5,0.003
255,soft_reset,0.5,0.003,0.3,14.999999999999998,150,1.3258866885418668,2.5994956146016586,0.10247106899414907,,55100,True,0.5,0.003
256,soft_reset,0.5,0.003,0.3,14.999999999999998,180,1.2043020920319294,2.5289332641028457,0.2381688849804423,,63440,True,0.5,0.003
257,soft_reset,0.5,0.003,0.3,14.999999999999998,270,1.3164054369150702,3.700386858652243,0.35519696461314154,,87020,True,0.5,0.003
258,soft_reset,0.5,0.003,0.4,20.0,0,1.212709161214641,2.8672731003631426,0.11610214508117546,,99220,True,0.5,0.003
259,soft_reset,0.5,0.003,0.4,20.0,30,3.1978219792730913,4.5614026541611565,,diverged,222115,False,0.5,0.003
260,soft_reset,0.5,0.003,0.4,20.0,90,6.649722971361194,13.323215107934399,0.13642886746260346,,46980,True,0.5,0.003
261,soft_reset,0.5,0.003,0.4,20.0,150,3.1910769529326735,4.5539666330143405,,diverged,222602,False,0.5,0.003
262,soft_reset,0.5,0.003,0.4,20.0,180,1.2282773519708685,2.6625024203604504,0.10908877795042479,,99080,True,0.5,0.003
263,soft_reset,0.5,0.003,0.4,20.0,270,1.3133095234066663,3.632084850168944,0.2564112720242204,,167140,True,0.5,0.003
264,soft_reset,0.5,0.001,0.1,5.0,0,0.8609234690688146,2.0144525097766035,0.08208861743440897,,52860,True,0.5,0.001
265,soft_reset,0.5,0.001,0.1,5.0,30,0.8627178162979653,1.691455485253896,0.3295967743932725,,53160,True,0.5,0.001
266,soft_reset,0.5,0.001,0.1,5.0,90,1.016533984077948,1.4743555067483336,0.32866880237582574,,52940,True,0.5,0.001
267,soft_reset,0.5,0.001,0.1,5.0,150,0.8698758611548078,1.7135990792626217,0.29655393336228264,,53100,True,0.5,0.001
268,soft_reset,0.5,0.001,0.1,5.0,180,0.8622797840052011,2.043697766815529,0.11402152994977996,,52820,True,0.5,0.001
269,soft_reset,0.5,0.001,0.1,5.0,270,0.9387529690941372,2.54401745966086,0.38252711674056106,,53100,True,0.5,0.001
270,soft_reset,0.5,0.001,0.2,10.0,0,1.0030383642571779,2.0024751605711457,0.12125827348812201,,53780,True,0.5,0.001
271,soft_reset,0.5,0.001,0.2,10.0,30,0.9305583796326201,1.3741850643068956,0.13385271300643004,,51240,True,0.5,0.001
272,soft_reset,0.5,0.001,0.2,10.0,90,1.5781589295654954,2.6936406010475373,0.42578476358052286,,48940,True,0.5,0.001
273,soft_reset,0.5,0.001,0.2,10.0,150,0.9172207409992742,1.7371817344426885,0.04249510758817738,,51280,True,0.5,0.001
274,soft_reset,0.5,0.001,0.2,10.0,180,1.0059770584633383,2.071407660665981,0.19341825736354185,,53900,True,0.5,0.001
275,soft_reset,0.5,0.001,0.2,10.0,270,1.1453993577097774,3.1412304441985097,0.3837056645872774,,61100,True,0.5,0.001
276,soft_reset,0.5,0.001,0.3,14.999999999999998,0,1.147969907348978,2.5860322077097386,0.05966543743376831,,63420,True,0.5,0.001
277,soft_reset,0.5,0.001,0.3,14.999999999999998,30,1.204095937110158,1.824457727547924,0.08837788644093264,,54440,True,0.5,0.001
278,soft_reset,0.5,0.001,0.3,14.999999999999998,90,2.730676410497335,5.080742458149402,0.35923472986429456,,44180,True,0.5,0.001
279,soft_reset,0.5,0.001,0.3,14.999999999999998,150,1.2912923377747811,2.592299414223914,0.07633515195360938,,55040,True,0.5,0.001
280,soft_reset,0.5,0.001,0.3,14.999999999999998,180,1.162082386373851,2.450670077061405,0.19934828284162256,,63520,True,0.5,0.001
281,soft_reset,0.5,0.001,0.3,14.999999999999998,270,1.319613117176482,3.778972375368253,0.3694544805730173,,86960,True,0.5,0.001
282,soft_reset,0.5,0.001,0.4,20.0,0,1.1891611059081788,2.796134440243788,0.09260262450552723,,99220,True,0.5,0.001
283,soft_reset,0.5,0.001,0.4,20.0,30,3.206826993361367,4.683833217809308,,diverged,222123,False,0.5,0.001
284,soft_reset,0.5,0.001,0.4,20.0,90,12.874848765117562,29.97568724199123,0.4840750660193561,,53460,True,0.5,0.001
285,soft_reset,0.5,0.001,0.4,20.0,150,3.2036328217127834,4.665849659547945,,diverged,222631,False,0.5,0.001
286,soft_reset,0.5,0.001,0.4,20.0,180,1.2000933080352596,2.557343490172225,0.08018510310359908,,99080,True,0.5,0.001
287,soft_reset,0.5,0.001,0.4,20.0,270,1.311255269363912,3.656673404019054,0.2583374786547542,,167180,True,0.5,0.001
288,no_reset,1.0,0.0,0.1,5.0,0,0.852364823348197,2.0769809573890026,0.29999999961033247,,52760,True,1.0,0.0
289,no_reset,1.0,0.0,0.1,5.0,30,0.8521027244135037,1.702640501886836,0.3101223652909579,,53140,True,1.0,0.0
290,no_reset,1.0,0.0,0.1,5.0,90,1.1731122567463617,1.8944609724776118,0.9999999996768099,,53060,True,1.0,0.0
291,no_reset,1.0,0.0,0.1,5.0,150,0.8872179582633487,1.718560361354169,0.3787987428417863,,53120,True,1.0,0.0
292,no_reset,1.0,0.0,0.1,5.0,180,0.8404385566684893,2.0396626115249803,0.04042727701155876,,52800,True,1.0,0.0
293,no_reset,1.0,0.0,0.1,5.0,270,1.0151017966675937,2.7329833669939116,0.8057778744110451,,53040,True,1.0,0.0
294,no_reset,1.0,0.0,0.2,10.0,0,0.9796709770786363,2.0389159232037577,0.12646171245486904,,53540,True,1.0,0.0
295,no_reset,1.0,0.0,0.2,10.0,30,0.8542109152970949,1.3732010401590617,0.05028343610084499,,51020,True,1.0,0.0
296,no_reset,1.0,0.0,0.2,10.0,90,2.0628926973362054,3.7835471251375354,0.9999999999010177,,49280,True,1.0,0.0
297,no_reset,1.0,0.0,0.2,10.0,150,0.8854494968523061,1.7390084681066948,0.009753763555128376,,51200,True,1.0,0.0
298,no_reset,1.0,0.0,0.2,10.0,180,0.9183674744929573,1.8955001122204025,0.010239750218450321,,53780,True,1.0,0.0
299,no_reset,1.0,0.0,0.2,10.0,270,1.351934483379199,3.5808708934372855,0.8088821824475493,,61060,True,1.0,0.0
300,no_reset,1.0,0.0,0.3,14.999999999999998,0,1.055774203248967,2.5785742422821523,0.0039026038830789716,,63040,True,1.0,0.0
301,no_reset,1.0,0.0,0.3,14.999999999999998,30,1.0305309048033655,1.870213972233766,0.015995156645147827,,53620,True,1.0,0.0
302,no_reset,1.0,0.0,0.3,14.999999999999998,90,3.4140917944322347,6.266420169361258,0.9683982157050364,,44420,True,1.0,0.0
303,no_reset,1.0,0.0,0.3,14.999999999999998,150,1.1515811958382485,2.599082872454817,0.006819382604271507,,54520,True,1.0,0.0
304,no_reset,1.0,0.0,0.3,14.999999999999998,180,1.0160560526662743,1.8628335320474867,0.0,,63300,True,1.0,0.0
305,no_reset,1.0,0.0,0.3,14.999999999999998,270,1.7024982987904862,4.6184392077103,0.7638806071179502,,87120,True,1.0,0.0
306,no_reset,1.0,0.0,0.4,20.0,0,1.0955029064926782,2.517617873205533,0.0,,98040,True,1.0,0.0
307,no_reset,1.0,0.0,0.4,20.0,30,3.282183220325511,4.848986153347577,,diverged,221600,False,1.0,0.0
308,no_reset,1.0,0.0,0.4,20.0,90,24.918340360326948,43.604347407936906,0.9999999999958271,,77640,True,1.0,0.0
309,no_reset,1.0,0.0,0.4,20.0,150,3.289509684859036,4.8450458653819695,,diverged,222769,False,1.0,0.0
310,no_reset,1.0,0.0,0.4,20.0,180,1.1008550314793002,2.322924287365597,0.0,,98420,True,1.0,0.0
311,no_reset,1.0,0.0,0.4,20.0,270,1.7170114111371348,5.097070432760001,0.5836381547354017,,168460,True,1.0,0.0
312,no_reset,1.0,0.1,0.1,5.0,0,1.0819852471894307,2.0041413740157057,0.7067928923387978,,53160,True,1.0,0.1
313,no_reset,1.0,0.1,0.1,5.0,30,1.0144868996435834,1.5783605801616887,0.7098067054040768,,53160,True,1.0,0.1
314,no_reset,1.0,0.1,0.1,5.0,90,1.1005227440228393,1.4183806232762795,0.5123260524022111,,52420,True,1.0,0.1
315,no_reset,1.0,0.1,0.1,5.0,150,1.0365788440247652,1.5947689803943916,0.6873275907868492,,52820,True,1.0,0.1
316,no_reset,1.0,0.1,0.1,5.0,180,1.1200648687365067,2.0531504920042707,0.7941985624387191,,52780,True,1.0,0.1
317,no_reset,1.0,0.1,0.1,5.0,270,1.0673685674947364,2.390713156790847,0.7472534860510267,,53460,True,1.0,0.1
318,no_reset,1.0,0.1,0.2,10.0,0,1.682112817195776,2.246708369684699,0.9819557730350292,,54760,True,1.0,0.1
319,no_reset,1.0,0.1,0.2,10.0,30,1.494133742123765,1.7618560595619472,0.9226658130211942,,51460,True,1.0,0.1
320,no_reset,1.0,0.1,0.2,10.0,90,1.9858497811933797,2.081422684148885,0.670206685584169,,48120,True,1.0,0.1
321,no_reset,1.0,0.1,0.2,10.0,150,1.4932434396488121,1.793663378877028,0.8072539150876166,,50940,True,1.0,0.1
322,no_reset,1.0,0.1,0.2,10.0,180,1.7197107754647456,2.3113753635758707,0.9599809754698592,,54160,True,1.0,0.1
323,no_reset,1.0,0.1,0.2,10.0,270,1.4813427246676514,2.7208044868242807,0.737643577734284,,61620,True,1.0,0.1
324,no_reset,1.0,0.1,0.3,14.999999999999998,0,2.286693386925141,3.191843048653059,0.9941750145967951,,64880,True,1.0,0.1
325,no_reset,1.0,0.1,0.3,14.999999999999998,30,2.445391885269755,2.8526353357016614,0.9844880385909623,,55560,True,1.0,0.1
326,no_reset,1.0,0.1,0.3,14.999999999999998,90,3.468033439695429,5.444968130403653,0.8553521099944157,,43740,True,1.0,0.1
327,no_reset,1.0,0.1,0.3,14.999999999999998,150,2.426286566131982,2.8894715778197426,0.9952174481409686,,55160,True,1.0,0.1
328,no_reset,1.0,0.1,0.3,14.999999999999998,180,2.307276097856582,3.303179838218007,0.9916659573883573,,63880,True,1.0,0.1
329,no_reset,1.0,0.1,0.3,14.999999999999998,270,2.0424721648332,2.9413072860720666,0.743268061008413,,87720,True,1.0,0.1
330,no_reset,1.0,0.1,0.4,20.0,0,2.7981041205739263,4.056611211710047,0.9964449285392909,,102020,True,1.0,0.1
331,no_reset,1.0,0.1,0.4,20.0,30,4.7849874819768825,4.7478253759816855,,diverged,223652,False,1.0,0.1
332,no_reset,1.0,0.1,0.4,20.0,90,4.960204899604748,8.585723505563642,0.040239776598286744,,42340,True,1.0,0.1
333,no_reset,1.0,0.1,0.4,20.0,150,4.801434665052056,4.818541973346361,,diverged,222539,False,1.0,0.1
334,no_reset,1.0,0.1,0.4,20.0,180,2.71389130015761,4.210914611537447,0.997890834446032,,99860,True,1.0,0.1
335,no_reset,1.0,0.1,0.4,20.0,270,2.7479911680530926,3.0385060912724304,0.7692816888616211,,167300,True,1.0,0.1
336,no_reset,1.0,0.01,0.1,5.0,0,0.8836765232001496,2.013464690981489,0.14667334858044162,,52900,True,1.0,0.01
337,no_reset,1.0,0.01,0.1,5.0,30,0.8694228338989365,1.6772830810345334,0.32644896607610674,,53140,True,1.0,0.01
338,no_reset,1.0,0.01,0.1,5.0,90,1.0461685890260237,1.4597583337340785,0.3967024505645798,,52820,True,1.0,0.01
339,no_reset,1.0,0.01,0.1,5.0,150,0.8786451173842547,1.7180358898938928,0.342771363730477,,53000,True,1.0,0.01
340,no_reset,1.0,0.01,0.1,5.0,180,0.8803777783203007,2.0486909777914906,0.18314589903843992,,52780,True,1.0,0.01
341,no_reset,1.0,0.01,0.1,5.0,270,0.9747151415719056,2.581043176657681,0.5435030517670464,,53220,True,1.0,0.01
342,no_reset,1.0,0.01,0.2,10.0,0,1.0811227275084339,1.9132125425691493,0.12911158348473498,,53860,True,1.0,0.01
343,no_reset,1.0,0.01,0.2,10.0,30,0.9824404703916185,1.2619443441647666,0.13961200537371418,,51180,True,1.0,0.01
344,no_reset,1.0,0.01,0.2,10.0,90,1.7314301975137962,2.895277152707311,0.5850416742999333,,48760,True,1.0,0.01
345,no_reset,1.0,0.01,0.2,10.0,150,0.9807585802817091,1.7444271669025317,0.12879062931448118,,51080,True,1.0,0.01
346,no_reset,1.0,0.01,0.2,10.0,180,1.075596838290497,1.9767197197932447,0.19635585158714702,,53820,True,1.0,0.01
347,no_reset,1.0,0.01,0.2,10.0,270,1.2643857654944448,3.317558520271152,0.6057719574443652,,61220,True,1.0,0.01
348,no_reset,1.0,0.01,0.3,14.999999999999998,0,1.2671267430484785,2.617196807248521,0.1420339995026273,,63000,True,1.0,0.01
349,no_reset,1.0,0.01,0.3,14.999999999999998,30,1.317028650873725,1.85159253116435,0.15136377194515466,,54340,True,1.0,0.01
350,no_reset,1.0,0.01,0.3,14.999999999999998,90,3.083152964672725,5.5976976205838715,0.6567632131891921,,44180,True,1.0,0.01
351,no_reset,1.0,0.01,0.3,14.999999999999998,150,1.4049327289078513,2.6186636463320845,0.16492966235688977,,54860,True,1.0,0.01
352,no_reset,1.0,0.01,0.3,14.999999999999998,180,1.254472035121174,2.291559022935669,0.21650651072488208,,63080,True,1.0,0.01
353,no_reset,1.0,0.01,0.3,14.999999999999998,270,1.5403983963394334,4.1486600905678745,0.5793857979389755,,87200,True,1.0,0.01
354,no_reset,1.0,0.01,0.4,20.0,0,1.3154396725916007,2.6450641189467756,0.11480803508656787,,97820,True,1.0,0.01
355,no_reset,1.0,0.01,0.4,20.0,30,3.188355602145902,4.279677925490411,,diverged,221474,False,1.0,0.01
356,no_reset,1.0,0.01,0.4,20.0,90,20.851445650941685,36.80450071377775,0.8072595905292503,,71920,True,1.0,0.01
357,no_reset,1.0,0.01,0.4,20.0,150,3.194946492757468,4.263232060337384,,diverged,222542,False,1.0,0.01
358,no_reset,1.0,0.01,0.4,20.0,180,1.2954975736518606,2.366629045857102,0.0911580337952275,,98040,True,1.0,0.01
359,no_reset,1.0,0.01,0.4,20.0,270,1.6719552646156013,4.610148924264787,0.5108693579285231,,167720,True,1.0,0.01
360,no_reset,1.0,0.005,0.1,5.0,0,0.8623635104452398,2.0277805977566916,0.13835503563197948,,52840,True,1.0,0.005
361,no_reset,1.0,0.005,0.1,5.0,30,0.8557329023123074,1.6956269809955908,0.30985180661541484,,53140,True,1.0,0.005
362,no_reset,1.0,0.005,0.1,5.0,90,1.0848601338418593,1.636342934933511,0.6082370189374138,,52940,True,1.0,0.005
363,no_reset,1.0,0.005,0.1,5.0,150,0.8701210323608619,1.7197177152063394,0.3122390043176036,,53060,True,1.0,0.005
364,no_reset,1.0,0.005,0.1,5.0,180,0.8552423207377213,2.046102864691585,0.10859898035001742,,52780,True,1.0,0.005
365,no_reset,1.0,0.005,0.1,5.0,270,0.983621503848205,2.643223784486129,0.6225156290988967,,53140,True,1.0,0.005
366,no_reset,1.0,0.005,0.2,10.0,0,1.0136044613658333,1.880001765212894,0.036603260411130864,,53700,True,1.0,0.005
367,no_reset,1.0,0.005,0.2,10.0,30,0.9021612433054617,1.2756727170724587,0.05841135451114817,,51120,True,1.0,0.005
368,no_reset,1.0,0.005,0.2,10.0,90,1.8399786536798235,3.2526783414480365,0.7313096949382714,,48980,True,1.0,0.005
369,no_reset,1.0,0.005,0.2,10.0,150,0.9078402741378296,1.7404441522082825,0.03802959929724274,,51140,True,1.0,0.005
370,no_reset,1.0,0.005,0.2,10.0,180,0.9801006813636686,1.9006907602653498,0.0670744100919266,,53800,True,1.0,0.005
371,no_reset,1.0,0.005,0.2,10.0,270,1.2864555907128632,3.4513520997762406,0.6770188688503298,,61140,True,1.0,0.005
372,no_reset,1.0,0.005,0.3,14.999999999999998,0,1.1324061541284018,2.6005431296595294,0.057796992652872366,,62900,True,1.0,0.005
373,no_reset,1.0,0.005,0.3,14.999999999999998,30,1.1282718131245646,1.8350318786789743,0.05412777603696426,,54120,True,1.0,0.005
374,no_reset,1.0,0.005,0.3,14.999999999999998,90,3.2401007302608065,5.9382316498488885,0.8086752433251412,,44340,True,1.0,0.005
375,no_reset,1.0,0.005,0.3,14.999999999999998,150,1.2377683328714053,2.6088153224076254,0.06369416555209587,,54800,True,1.0,0.005
376,no_reset,1.0,0.005,0.3,14.999999999999998,180,1.0938806671961268,2.0598007004978447,0.08237359744136594,,63140,True,1.0,0.005
377,no_reset,1.0,0.005,0.3,14.999999999999998,270,1.574659761854809,4.290707176324547,0.6249253550228666,,87160,True,1.0,0.005
378,no_reset,1.0,0.005,0.4,20.0,0,1.1443659803675688,2.5802074742258823,0.03218807752090955,,98060,True,1.0,0.005
379,no_reset,1.0,0.005,0.4,20.0,30,3.2263222982836837,4.534715943110513,,diverged,221513,False,1.0,0.005
380,no_reset,1.0,0.005,0.4,20.0,90,22.20717937172364,39.24864608288679,0.8730059256790872,,73800,True,1.0,0.005
381,no_reset,1.0,0.005,0.4,20.0,150,3.2269154084998353,4.517605119485943,,diverged,222621,False,1.0,0.005
382,no_reset,1.0,0.005,0.4,20.0,180,1.1390634272941575,2.3286706269369617,0.017444204030550747,,98400,True,1.0,0.005
383,no_reset,1.0,0.005,0.4,20.0,270,1.6736921264313978,4.880406226085378,0.5418604964832074,,168180,True,1.0,0.005
384,no_reset,1.0,0.003,0.1,5.0,0,0.8525986650415366,2.026189843104935,0.10278683611433621,,52820,True,1.0,0.003
385,no_reset,1.0,0.003,0.1,5.0,30,0.847005230881731,1.6603860895125175,0.1972503466570179,,53160,True,1.0,0.003
386,no_reset,1.0,0.003,0.1,5.0,90,1.1093140390817648,1.727599664379551,0.7291687346447921,,53000,True,1.0,0.003
387,no_reset,1.0,0.003,0.1,5.0,150,0.8671032389080067,1.7005033932285551,0.25386670679461126,,53100,True,1.0,0.003
388,no_reset,1.0,0.003,0.1,5.0,180,0.8427037354957619,2.0314727989835353,0.005566754370294518,,52800,True,1.0,0.003
389,no_reset,1.0,0.003,0.1,5.0,270,0.9983752142217209,2.6868339147206504,0.7095436076666254,,53100,True,1.0,0.003
390,no_reset,1.0,0.003,0.2,10.0,0,0.9901137905206725,1.899167624755876,0.02827150129412389,,53640,True,1.0,0.003
391,no_reset,1.0,0.003,0.2,10.0,30,0.8751174976597811,1.3112450612707907,0.045044270192972,,51100,True,1.0,0.003
392,no_reset,1.0,0.003,0.2,10.0,90,1.9091896164237452,3.4373345696488506,0.8178272419022201,,49080,True,1.0,0.003
393,no_reset,1.0,0.003,0.2,10.0,150,0.8960046208233923,1.7418782158500719,0.02727193411074364,,51140,True,1.0,0.003
394,no_reset,1.0,0.003,0.2,10.0,180,0.9466256478894499,1.8835290199510428,0.027528532480462647,,53800,True,1.0,0.003
395,no_reset,1.0,0.003,0.2,10.0,270,1.3073255124865166,3.5233445857083616,0.7281790701905568,,61120,True,1.0,0.003
396,no_reset,1.0,0.003,0.3,14.999999999999998,0,1.1016304464724178,2.6057401582865536,0.042860463113333476,,62900,True,1.0,0.003
397,no_reset,1.0,0.003,0.3,14.999999999999998,30,1.0816327476722372,1.8457710511941432,0.03424316572130846,,53920,True,1.0,0.003
398,no_reset,1.0,0.003,0.3,14.999999999999998,90,3.297124683756779,6.051862284263385,0.8620917990401522,,44360,True,1.0,0.003
399,no_reset,1.0,0.003,0.3,14.999999999999998,150,1.2009507554444678,2.612466599319759,0.0472484496743627,,54680,True,1.0,0.003
400,no_reset,1.0,0.003,0.3,14.999999999999998,180,1.059033192359568,1.9674745808127891,0.044641694678133115,,63160,True,1.0,0.003
401,no_reset,1.0,0.003,0.3,14.999999999999998,270,1.610418144742171,4.400560368539232,0.6665764482280613,,87120,True,1.0,0.003
402,no_reset,1.0,0.003,0.4,20.0,0,1.1105183329973758,2.5528628277755274,0.013012415322862778,,98080,True,1.0,0.003
403,no_reset,1.0,0.003,0.4,20.0,30,3.2460492049351792,4.654268759017249,,diverged,221541,False,1.0,0.003
404,no_reset,1.0,0.003,0.4,20.0,90,23.056187923213344,40.73696758933529,0.9138222228661232,,75000,True,1.0,0.003
405,no_reset,1.0,0.003,0.4,20.0,150,3.2477773955818763,4.644420074783696,,diverged,222668,False,1.0,0.003
406,no_reset,1.0,0.003,0.4,20.0,180,1.1105122963648244,2.326339345373828,0.004720929381011552,,98440,True,1.0,0.003
407,no_reset,1.0,0.003,0.4,20.0,270,1.6905348035960626,4.971561625374626,0.5588788726583662,,168340,True,1.0,0.003
408,no_reset,1.0,0.001,0.1,5.0,0,0.8530890381933061,2.0516399776285814,0.2034326351354063,,52780,True,1.0,0.001
409,no_reset,1.0,0.001,0.1,5.0,30,0.849965292643878,1.7076571928241147,0.31221002788194935,,53140,True,1.0,0.001
410,no_reset,1.0,0.001,0.1,5.0,90,1.1441129395167646,1.8316730692587013,0.8850846952746887,,53060,True,1.0,0.001
411,no_reset,1.0,0.001,0.1,5.0,150,0.8771575485378804,1.717298839465155,0.3349687122970119,,53120,True,1.0,0.001
412,no_reset,1.0,0.001,0.1,5.0,180,0.8441105254330884,2.0436036185955357,0.06890521338590111,,52780,True,1.0,0.001
413,no_reset,1.0,0.001,0.1,5.0,270,1.0054986810948803,2.712979617367361,0.7553213184833262,,53080,True,1.0,0.001
414,no_reset,1.0,0.001,0.2,10.0,0,0.9765639823953036,1.9971330339491293,0.09094841198445021,,53580,True,1.0,0.001
415,no_reset,1.0,0.001,0.2,10.0,30,0.8562898535884716,1.3504277242041054,0.042254314666513304,,51040,True,1.0,0.001
416,no_reset,1.0,0.001,0.2,10.0,90,2.004804932790167,3.6567068035121033,0.9317771289985575,,49200,True,1.0,0.001
417,no_reset,1.0,0.001,0.2,10.0,150,0.8814704668582253,1.7416260791720015,0.0102161764768903,,51180,True,1.0,0.001
418,no_reset,1.0,0.001,0.2,10.0,180,0.9210443737811133,1.8786662603041635,0.002327574867783903,,53800,True,1.0,0.001
419,no_reset,1.0,0.001,0.2,10.0,270,1.3387263892174919,3.603144856627206,0.7966746303085745,,61060,True,1.0,0.001
420,no_reset,1.0,0.001,0.3,14.999999999999998,0,1.0679965743061417,2.584209905120091,0.013518378288629673,,62980,True,1.0,0.001
421,no_reset,1.0,0.001,0.3,14.999999999999998,30,1.042367977196393,1.8852163336152783,0.025991739946877247,,53760,True,1.0,0.001
422,no_reset,1.0,0.001,0.3,14.999999999999998,90,3.3786689479443996,6.209161846811682,0.937563187722299,,44420,True,1.0,0.001
423,no_reset,1.0,0.001,0.3,14.999999999999998,150,1.1673831812033373,2.6041966220351824,0.02059407766286286,,54560,True,1.0,0.001
424,no_reset,1.0,0.001,0.3,14.999999999999998,180,1.0267258000527,1.863201057889388,0.005827553622190618,,63240,True,1.0,0.001
425,no_reset,1.0,0.001,0.3,14.999999999999998,270,1.6663085179228787,4.529792076326569,0.725176079047867,,87120,True,1.0,0.001
426,no_reset,1.0,0.001,0.4,20.0,0,1.1006465555509664,2.524406657011302,0.003427352664573122,,98040,True,1.0,0.001
427,no_reset,1.0,0.001,0.4,20.0,30,3.2722248940097085,4.785168026256874,,diverged,221582,False,1.0,0.001
428,no_reset,1.0,0.001,0.4,20.0,90,24.256453015353102,42.68076307396227,0.9701744853556815,,76700,True,1.0,0.001
429,no_reset,1.0,0.001,0.4,20.0,150,3.273557940314808,4.7775055600694145,,diverged,222730,False,1.0,0.001
430,no_reset,1.0,0.001,0.4,20.0,180,1.1044094663002009,2.326327101542856,0.002078553963928749,,98420,True,1.0,0.001
431,no_reset,1.0,0.001,0.4,20.0,270,1.707362620254822,5.049378299557971,0.5743962792569808,,168420,True,1.0,0.001
